insert into Student (id, name, birthday, groupnumber) values (1, 'John', '1974-03-09', 1);
insert into Student (id, name, birthday, groupnumber) values (2, 'Chris', '1975-04-10', 1);
insert into Student (id, name, birthday, groupnumber) values (3, 'Carl', '1976-05-08', 1);
insert into Student (id, name, birthday, groupnumber) values (4, 'Oliver', '1977-05-08', 2);
insert into Student (id, name, birthday, groupnumber) values (5, 'James', '1978-06-08', 2);
insert into Student (id, name, birthday, groupnumber) values (6, 'Lucas', '1979-07-08', 2);
insert into Student (id, name, birthday, groupnumber) values (7, 'Henry', '1980-08-08', 2);
insert into Student (id, name, birthday, groupnumber) values (8, 'Jacob', '1981-10-25', 3);
insert into Student (id, name, birthday, groupnumber) values (9, 'Logan', '1982-09-26', 3);
insert into Student (id, name, birthday, groupnumber) values (10, 'Jane', '1983-10-26', 4);
insert into Student (id, name, birthday, groupnumber) values (11, 'Johanna', '1984-11-26', 4);
insert into Student (id, name, birthday, groupnumber) values (12, 'Anna', '1985-12-26', 5);
insert into Student (id, name, birthday, groupnumber) values (13, 'Hermi', '1986-01-26', 5);
insert into SUBJECT (id, name, description, grade) values (1, 'Moonlight sonata', 'Art and music', 1);
insert into SUBJECT (id, name, description, grade) values (2, 'History of Armenia', 'Geography and history', 2);
insert into SUBJECT (id, name, description, grade) values (3, 'Pythagorean theorem', 'PE and math', 3);
insert into SUBJECT (id, name, description, grade) values (4, 'Java', 'Science and IT', 4);
insert into SUBJECT (id, name, description, grade) values (5, 'The Avengers', 'Movie', 5);
insert into SUBJECT (id, name, description, grade) values (6, 'Call of Duty', 'Games', 5);
insert into PAYMENTTYPE (id, name) values (1, 'DAILY');
insert into PAYMENTTYPE (id, name) values (2, 'WEEKLY');
insert into PAYMENTTYPE (id, name) values (3, 'MONTHLY');
insert into PAYMENT (id, type_id, amount, student_id, payment_date) values (1, 1, 1000, 1, '2023-02-01');
insert into PAYMENT (id, type_id, amount, student_id, payment_date) values (2, 3, 1520, 4, '2023-02-01');
insert into PAYMENT (id, type_id, amount, student_id, payment_date) values (3, 2, 1000, 7, '2023-02-01');
insert into PAYMENT (id, type_id, amount, student_id, payment_date) values (4, 1, 1000, 5, '2023-02-01');
insert into MARK (id, student_id, subject_id, mark) values (1, 2, 1, 8);
insert into MARK (id, student_id, subject_id, mark) values (2, 4, 2, 5);
insert into MARK (id, student_id, subject_id, mark) values (3, 5, 2, 9);
insert into MARK (id, student_id, subject_id, mark) values (4, 8, 3, 4);
insert into MARK (id, student_id, subject_id, mark) values (5, 9, 3, 9);
insert into MARK (id, student_id, subject_id, mark) values (6, 10, 4, 10);
insert into MARK (id, student_id, subject_id, mark) values (7, 11, 5, 10);